Class,Count,Percentage
none,37283,56.86851738865162
down,20006,30.51555826723612
up,8271,12.615924344112264
