name,n,mean,std,min,p05,p25,p50,p75,p95,max
"Up Price - DA | true UP (wrong pred, downscaled15%)",204,11.227125,14.83890584444845,0.09349999999998744,0.21377500000000066,2.6626250000000002,6.357999999999997,14.624250000000004,31.61745,103.785
"Down Price - DA | true DOWN (wrong pred, downscaled15%)",242,-12.196621900826447,17.261264139559984,-137.1305,-43.457100000000004,-12.565124999999998,-6.421750000000006,-3.593374999999999,-0.9592250000000009,0.0
