name,n,mean,std,min,p05,p25,p50,p75,p95,max
Up Price - DA | correct UP (delivery),57,7.692499999999999,5.796153988853298,0.5270000000000038,1.4228999999999985,3.7570000000000014,6.545000000000003,10.625,17.409699999999983,28.355999999999998
Down Price - DA | correct DOWN (delivery),269,-19.834892193308548,24.84567344238225,-137.1305,-85.7378,-19.770999999999997,-9.970500000000003,-6.375,-3.2096,-0.5779999999999997
UP % change vs DA | correct UP (delivery) [percent],57,12.155419442088059,9.243281499306327,0.7181793404197382,1.980807342727441,5.356758935769951,10.128824476650562,16.221606152745487,29.07689704152516,41.311188811188806
DOWN % change vs DA | correct DOWN (delivery) [percent],269,-16.362484317511903,11.25946045431244,-72.15195999354735,-35.70859392193971,-21.993930871142037,-13.421052631578947,-8.15639932842568,-4.6568929437372555,-0.9525379037574155
