name,n,mean,std,min,p05,p25,p50,p75,p95,max
Up Price - DA | true UP (wrong pred),204,13.208382352941177,17.457536287586414,0.10999999999998522,0.2515000000000008,3.1325000000000003,7.479999999999997,17.205000000000005,37.197,122.1
Down Price - DA | true DOWN (wrong pred),242,-14.34896694214876,20.30736957595292,-161.33,-51.126000000000005,-14.782499999999999,-7.555000000000007,-4.227499999999999,-1.1285000000000012,0.0
