name,n,mean,std,min,p05,p25,p50,p75,p95,max
Up Price - DA | true UP (wrong pred),108,9.074722222222224,12.000590052341652,0.12999999999999545,0.26350000000000195,3.5749999999999993,6.079999999999998,10.634999999999998,21.994499999999988,82.2
Down Price - DA | true DOWN (wrong pred),120,-16.557583333333334,22.01014368883314,-112.58999999999997,-61.88399999999999,-18.115,-7.465000000000003,-5.127499999999997,-2.079000000000012,-1.0700000000000003
