name,n,mean,std,min,p05,p25,p50,p75,p95,max
Up Price - DA | correct UP (delivery),283,12.716570671378092,10.600052276581678,0.10199999999999178,1.0106500000000123,4.011999999999999,9.766499999999995,20.846249999999998,29.981199999999994,63.44399999999999
Down Price - DA | correct DOWN (delivery),599,-13.305196160267112,17.922158622129135,-123.26699999999998,-44.352149999999995,-14.339500000000003,-7.046499999999999,-4.794000000000004,-2.3502500000000013,-0.025500000000000966
UP % change vs DA | correct UP (delivery) [percent],283,17.33521394977407,13.775940133885028,0.13080276994099999,0.9299796531715571,5.194512953192359,15.075958982149645,29.26037871218437,38.42802356940461,74.29039812646367
DOWN % change vs DA | correct DOWN (delivery) [percent],599,-13.040350097259712,10.79690084670346,-86.60498489425983,-33.406779361969065,-15.91797338100853,-9.062830547916237,-6.702825812810733,-3.618302132409542,-0.03641296587177062
