name,n,mean,std,min,p05,p25,p50,p75,p95,max
Up Price - DA | correct UP (delivery),57,9.05,6.819004692768586,0.6200000000000045,1.6739999999999982,4.420000000000002,7.700000000000003,12.5,20.48199999999998,33.36
Down Price - DA | correct DOWN (delivery),269,-23.33516728624535,29.23020404986147,-161.33,-100.868,-23.259999999999998,-11.730000000000004,-7.5,-3.776,-0.6799999999999997
UP % change vs DA | correct UP (delivery) [percent],57,14.30049346128007,10.874448822713328,0.8449168710820449,2.330361579679342,6.302069336199943,11.916264090177133,19.08424253264175,34.20811416650019,48.6013986013986
DOWN % change vs DA | correct DOWN (delivery) [percent],269,-19.249981550014002,13.246424063896988,-84.88465881593807,-42.01011049639966,-25.875212789578868,-15.789473684210526,-9.595763915794919,-5.47869758086736,-1.1206328279499007
