name,n,mean,std,min,p05,p25,p50,p75,p95,max
Up Price - DA | correct UP (delivery),283,14.37962897526502,10.754047784198802,1.1890000000000145,1.2061000000000133,4.719999999999999,11.489999999999995,24.525,35.237799999999986,35.27199999999999
Down Price - DA | correct DOWN (delivery),599,-13.577595993322204,12.846240872159283,-52.178999999999995,-52.134899999999995,-16.870000000000005,-8.29,-5.640000000000004,-2.769500000000003,-2.7650000000000015
UP % change vs DA | correct UP (delivery) [percent],283,20.394369352675376,16.206988392805915,0.1538856116952941,1.0940937096135968,6.11119170963807,17.73642233194076,34.42397495551103,45.20943949341719,87.40046838407491
DOWN % change vs DA | correct DOWN (delivery) [percent],599,-15.341588349717307,12.702236290239366,-101.88821752265862,-39.30209336702243,-18.72702750706886,-10.662153585783809,-7.885677426836157,-4.256826038128873,-0.04283878337855367
