name,n,mean,std,min,p05,p25,p50,p75,p95,max
"Up Price - DA | true UP (wrong pred, downscaled15%)",108,7.7135138888888894,10.200501544490404,0.11049999999999613,0.22397500000000164,3.0387499999999994,5.167999999999998,9.039749999999998,18.695324999999986,69.87
"Down Price - DA | true DOWN (wrong pred, downscaled15%)",120,-14.073945833333333,18.708622135508165,-95.70149999999998,-52.60139999999999,-15.397749999999998,-6.345250000000003,-4.358374999999998,-1.7671500000000102,-0.9095000000000002
